n,duplicate,ts
1,0,0.0006601810455322266
2,0,0.00020885467529296875
3,0,0.0001659393310546875
