n,duplicate,ts
1,0,0.001405954360961914
2,0,0.0002181529998779297
3,0,0.00018906593322753906
4,0,0.001093149185180664
5,0,0.00016880035400390625
